Reactions	Percentage
R758: NH+NH=N2+H+H	-0.0015725688598436961
R760: NH+N=H+N2	-0.0024786632791535053
R771: NH2(+M)=H+NH(+M)	-0.035888698400471285
R759: NH+O=OH+N	-1.0753676516700323
R763: NH+O2=OH+NO	-4.6630517188706575
R764: NH+OH=H2O+N	-12.69414189748883
R767: NH+O2=O+HNO	-14.080254512040325
R757: NH+H=H2+N	-18.96176527341816
R766: NH+OH=H+HNO	-24.144061931545806
R765: NH+O=H+NO	-24.340661010037383
