Reactions	Percentage
R870: CH+NH3=H+H+H2CN	-0.004447011951065706
R776: NH2+HO2=O2+NH3	-0.10894183163292956
R784: NH3+H=H2+NH2	-1.9560945845162843
R785: NH3+O=OH+NH2	-4.6190036796516925
R783: NH3+OH=NH2+H2O	-93.31032676726903
