Reactions	Percentage
R756: N+O(+M)=NO(+M)	-0.0016760548152305122
R868: CH+N=H+CN	-0.0021792333986115266
R865: TXCH2+N=H+HCN	-0.030151605363284966
R864: HCCO+N=CO+HCN	-0.03061506754993329
R866: CH3+N=H+H2CN	-0.5379803598192573
R755: N+OH=H+NO	-13.143858598863453
R754: N+O2=O+NO	-86.25247348650332
