Reactions	Percentage
R650: O2+C5H5N=C5H4N+HO2	-0.0016274537141030409
R656: HO2+C5H5N=C5H4N+H2O2	-0.0018130076075572221
R654: C5H5NO=O+C5H5N	0.07687088530584628
R648: C5H5N=C5H4N+H	-0.6687567742779006
R652: O+C5H5N=C5H5NO	-3.588564472484758
R649: H+C5H5N=C5H4N+H2	-7.293369913890683
R651: O+C5H5N=C5H4N+OH	-22.12299739904599
R655: OH+C5H5N=C5H4N+H2O	-66.24600009367316
