Reactions	Percentage
R646: NCN+O2=NO+NCO	-0.03390897886815044
R645: NCN+NO=N2O+CN	-0.391592471161607
R643: NCN+H=N+HNC	-0.41366559282917115
R644: CO+NCN=CN+NCO	0.5006108307380563
R640: NCN+OH=NH+NCO	-0.8515323192843873
R642: NCN+OH=NO+HCN	-1.6138169360139232
R641: NCN+H=N+HCN	-8.730628503549058
R637: CH+N2=NCN+H	-35.24192950279711
R647: NCN+O=NO+CN	-52.22231486475854
