Reactions	Percentage
R646: NCN+O2=NO+NCO	-0.03407958496153848
R645: NCN+NO=N2O+CN	-0.3935626886065151
R643: NCN+H=N+HNC	-0.4157468666721863
R640: NCN+OH=NH+NCO	-0.8558166300255526
R642: NCN+OH=NO+HCN	-1.6219365259304275
R641: NCN+H=N+HCN	-8.774554875605393
R637: CH+N2=NCN+H	-35.419242064738526
R647: NCN+O=NO+CN	-52.48506076345987
