Reactions	Percentage
R520: HNO+NO2=NO+HONO	-0.0011732744920146382
R500: HNO+N=NH+NO	-0.0037591634531891644
R505: NH2+HNO=NO+NH3	-0.008675944446903538
R506: HNO+NH=NO+NH2	-0.03306132743097228
R618: NCO+HNO=NO+HNCO	-0.04963625934394524
R503: HNO+O2=HO2+NO	-4.976123347694457
R499: HNO+O=OH+NO	-14.935471747783968
R498: HNO+H=H2+NO	-35.85744877657097
R501: HNO+OH=H2O+NO	-44.13393120858666
