Reactions	Percentage
R620: NCO+NH3=NH2+HNCO	-0.11729124827629224
R571: CH+NH3=H+H+H2CN	-0.18393947508385214
R486: NH3+O=OH+NH2	-5.865035237082656
R485: NH3+H=H2+NH2	-14.192781942068972
R484: NH3+OH=NH2+H2O	-79.64021667896482
