Reactions	Percentage
R786: NH3(+M)=H+NH2(+M)	0.003587015142026962
R870: CH+NH3=H+H+H2CN	-0.004442508551928734
R928: HNCO+H2O=CO2+NH3	0.09767365119184244
R776: NH2+HO2=O2+NH3	-0.10883150844154747
R784: NH3+H=H2+NH2	-1.9541136870595914
R785: NH3+O=OH+NH2	-4.614326107966815
R783: NH3+OH=NH2+H2O	-93.21583328498062
