Reactions	Percentage
R949: O2+C5H5N=C5H4N+HO2	-0.04081492248730564
R948: H+C5H5N=C5H4N+H2	-0.42420706323512863
R947: C5H5N=C5H4N+H	-1.4900767007355538
R951: O+C5H5N=C5H5NO	-1.962490065514745
R950: O+C5H5N=C5H4N+OH	-13.749284253408012
R954: OH+C5H5N=C5H4N+H2O	-82.33275682495443
