Reactions	Percentage
R775: NH2+NH=N+NH3	0.00213380468703841
R808: H2NO+NH2=NH3+HNO	0.06839196431043008
R769: NH2+NH2=NH+NH3	0.07473310326794308
R804: NH2+HNO=NO+NH3	0.0865980667089199
R786: NH3(+M)=H+NH2(+M)	1.4569670725959396
R776: NH2+HO2=O2+NH3	98.31098193430941
