Reactions	Percentage
R769: NH2+NH2=NH+NH3	0.0048869746454043555
R933: HNCO+NH=NCO+NH2	0.011687838004012383
R900: HNC+O=CO+NH	1.7628729152753202
R782: NH2+H=H2+NH	3.243943161020993
R925: HNCO+O=CO2+NH	4.194595551170049
R892: HCN+O=CO+NH	12.498457577575085
R923: NCO+H=NH+CO	19.370254743686864
R778: NH2+O=OH+NH	23.982762784860153
R780: NH2+OH=H2O+NH	34.93053414181141
