Reactions	Percentage
R854: N2H2+O=NO+NH2	0.001273875827249185
R804: NH2+HNO=NO+NH3	0.0019672916133255214
R905: H2CN+O2=NO+CH2O	0.003387683349571467
R917: NCO+HNO=NO+HNCO	0.003880467672620168
R857: N2O+O=NO+NO	0.015186364145464586
R921: NCO+OH=NO+CO+H	0.04401609598013588
R793: NH2+NO=H2O+N2	0.17139723935298418
R807: HNO=NO+H	0.3535723238558182
R755: N+OH=H+NO	1.0495054346971617
R884: CN+O2=CO+NO	1.5724104383852535
R754: N+O2=O+NO	2.1388546999571414
R797: HNO+H=H2+NO	2.269668099494208
R798: HNO+O=OH+NO	4.549913038540731
R765: NH+O=H+NO	6.724213247064366
R763: NH+O2=OH+NO	11.017250478526748
R800: HNO+OH=H2O+NO	11.703601181401304
R922: NCO+O2=CO2+NO	19.105492383741844
R802: HNO+O2=HO2+NO	39.27317355213824
