Reactions	Percentage
R943: CO+NCN=CN+NCO	37.55558411745538
R939: NCN+OH=NH+NCO	62.44441588254461
