Reactions	Percentage
R854: N2H2+O=NO+NH2	0.0011021694991970653
R771: NH2(+M)=H+NH(+M)	0.008056510220828378
R919: NCO+NH3=NH2+HNCO	0.019406397622627525
R869: CH3+NH2=CH3NH2	0.02583034519177575
R890: HCN+OH=CO+NH2	0.05554665175526031
R810: H2NO+H=OH+NH2	0.0658530862182418
R793: NH2+NO=H2O+N2	0.1482945240191651
R926: HNCO+H=CO+NH2	0.46689060461598114
R784: NH3+H=H2+NH2	2.314806002584217
R785: NH3+O=OH+NH2	6.724903645643818
R783: NH3+OH=NH2+H2O	90.16815471920785
