Reactions	Percentage
R928: HNCO+H2O=CO2+NH3	0.003323031639350681
R919: NCO+NH3=NH2+HNCO	-0.012674492939093899
R870: CH+NH3=H+H+H2CN	-0.02197960010516046
R786: NH3(+M)=H+NH2(+M)	0.04296866346596826
R776: NH2+HO2=O2+NH3	1.0324153570075325
R784: NH3+H=H2+NH2	-3.3275452416029396
R785: NH3+O=OH+NH2	-8.780652948282869
R783: NH3+OH=NH2+H2O	-86.77565104522516
