Reactions	Percentage
R945: NCN+O2=NO+NCO	0.0010024199732833786
R938: CH+N2O=NO+HCN	0.0010611646794637893
R836: NNH+NO=HNO+N2	-0.0015313536317794205
R756: N+O(+M)=NO(+M)	0.00365747303866913
R878: C2H3+NO=CH2O+HCN	-0.004350784209725255
R806: HNO+NO=OH+N2O	0.0071371685566712344
R792: NH+NO=OH+N2	-0.011596872562921754
R905: H2CN+O2=NO+CH2O	0.01405673193486212
R872: CH3+NO=OH+H2CN	-0.030867555016546252
R879: CH3+NO=H2O+HCN	-0.03167881613124267
R794: NH2+NO=OH+NNH	-0.03356193268192878
R921: NCO+OH=NO+CO+H	0.040119109804806805
R876: CH+NO=OH+CN	-0.054456402788732046
R874: TXCH2+NO=OH+HCN	-0.05926929694596258
R793: NH2+NO=H2O+N2	0.06614313081278116
R941: NCN+OH=NO+HCN	0.07958383992739454
R791: NH2+NO=H2O+N2	-0.15497831808191398
R920: NCO+NO=CO2+N2	-0.21040159799403385
R877: SXCH2+NO=OH+HCN	-0.35835588055466944
R844: NNH+O=NO+NH	0.42121176191370624
R795: NH+NO=H+N2O	0.48502957279657444
R873: HCCO+NO=CO2+HCN	-0.5328754535892231
R875: CH+NO=H+NCO	-0.8911251215244831
R884: CN+O2=CO+NO	1.0915265524652897
R796: N+NO=O+N2	1.2289277192675498
R807: HNO=NO+H	-2.0992550822539187
R857: N2O+O=NO+NO	3.0982407783608843
R946: NCN+O=NO+CN	3.3076258883957257
R798: HNO+O=OH+NO	3.522848543567642
R871: CH+NO=O+HCN	-3.9108814124304914
R763: NH+O2=OH+NO	4.31787074449966
R797: HNO+H=H2+NO	5.558213208655893
R800: HNO+OH=H2O+NO	6.73776346945677
R922: NCO+O2=CO2+NO	7.497754176170673
R754: N+O2=O+NO	8.133833963426452
R765: NH+O=H+NO	13.997028825748755
R802: HNO+O2=HO2+NO	15.695206801818598
R755: N+OH=H+NO	16.30643760740258
