Reactions	Percentage
R947: C5H5N=C5H4N+H	0.012038844429006799
R949: O2+C5H5N=C5H4N+HO2	-0.035122505960414434
R953: C5H5NO=O+C5H5N	0.2295012924261367
R948: H+C5H5N=C5H4N+H2	-0.916870203493018
R951: O+C5H5N=C5H5NO	-9.012578171862419
R950: O+C5H5N=C5H4N+OH	-30.657454530243633
R954: OH+C5H5N=C5H4N+H2O	-59.13563220918343
