Reactions	Percentage
R769: NH2+NH2=NH+NH3	0.007809107956979743
R933: HNCO+NH=NCO+NH2	0.013858100536621142
R782: NH2+H=H2+NH	1.3398191494304594
R900: HNC+O=CO+NH	2.127248023542607
R925: HNCO+O=CO2+NH	3.3452107938851476
R923: NCO+H=NH+CO	9.155135156615172
R892: HCN+O=CO+NH	14.706084903378642
R778: NH2+O=OH+NH	34.25359342138639
R780: NH2+OH=H2O+NH	35.05123964462141
