Reactions	Percentage
R943: CO+NCN=CN+NCO	24.546550677165392
R939: NCN+OH=NH+NCO	75.4534493228346
