Reactions	Percentage
R505: NH2+HNO=NO+NH3	0.00558011779148961
R476: NH2+NH=N+NH3	0.006890547086603749
R620: NCO+NH3=NH2+HNCO	-0.048180318835973665
R629: HNCO+H2O=CO2+NH3	0.06742321205179062
R487: NH3(+M)=H+NH2(+M)	0.2566270766133554
R477: NH2+HO2=O2+NH3	0.27796399301980984
R571: CH+NH3=H+H+H2CN	-1.118905077153634
R486: NH3+O=OH+NH2	-6.508041313755278
R485: NH3+H=H2+NH2	-38.70252076853246
R484: NH3+OH=NH2+H2O	-53.00679398343341
