Reactions	Percentage
R646: NCN+O2=NO+NCO	-0.012987510976698546
R645: NCN+NO=N2O+CN	-0.09997313227545115
R644: CO+NCN=CN+NCO	0.19336859018393196
R640: NCN+OH=NH+NCO	-0.4888425485273063
R642: NCN+OH=NO+HCN	-1.5178317092835136
R643: NCN+H=N+HNC	-2.0619554864430465
R641: NCN+H=N+HCN	-23.38782998180763
R637: CH+N2=NCN+H	35.341601865027165
R647: NCN+O=NO+CN	-36.89560917547524
