Reactions	Percentage
R500: HNO+N=NH+NO	0.0011150990780101422
R507: HNO+NO=OH+N2O	0.0012081642120969683
R618: NCO+HNO=NO+HNCO	0.002288054527893612
R537: NNH+NO=HNO+N2	-0.002320397422561748
R579: C2H3+NO=CH2O+HCN	-0.0024323828472393163
R645: NCN+NO=N2O+CN	-0.0024593679935295287
R639: CH+N2O=NO+HCN	0.0028283079315873138
R506: HNO+NH=NO+NH2	0.0028995754506146673
R457: N+O(+M)=NO(+M)	0.0048449228487728695
R606: H2CN+O2=NO+CH2O	0.015453223719477641
R545: NNH+O=NO+NH	0.017134213522272606
R495: NH2+NO=OH+NNH	-0.0294542496679823
R494: NH2+NO=H2O+N2	0.03431880477329807
R642: NCN+OH=NO+HCN	0.03733909527862902
R492: NH2+NO=H2O+N2	-0.05049633518810677
R622: NCO+OH=NO+CO+H	0.07659796173791641
R577: CH+NO=OH+CN	-0.09482570858944595
R575: TXCH2+NO=OH+HCN	-0.11479578070137321
R621: NCO+NO=CO2+N2	-0.12132491765851751
R573: CH3+NO=OH+H2CN	-0.1344813119379371
R580: CH3+NO=H2O+HCN	-0.1366728031511422
R493: NH+NO=OH+N2	-0.22827977095548838
R623: NCO+O2=CO2+NO	0.25146258260694165
R558: N2O+O=NO+NO	0.26900348690255377
R464: NH+O2=OH+NO	0.43878025177414126
R574: HCCO+NO=CO2+HCN	-0.4502216264605239
R503: HNO+O2=HO2+NO	0.5230009138046867
R578: SXCH2+NO=OH+HCN	-0.6141257360839589
R496: NH+NO=H+N2O	-0.7381714820936764
R585: CN+O2=CO+NO	0.8530325945366368
R647: NCN+O=NO+CN	0.9076425653384476
R576: CH+NO=H+NCO	-1.5518923719315878
R499: HNO+O=OH+NO	2.1996087161952462
R508: HNO=NO+H	-2.5075178962550715
R501: HNO+OH=H2O+NO	4.903964193863126
R497: N+NO=O+N2	-5.9958935538485205
R572: CH+NO=O+HCN	-6.809065056932543
R455: N+O2=O+NO	9.122474301807532
R498: HNO+H=H2+NO	9.959833552392723
R466: NH+O=H+NO	21.534078543617287
R456: N+OH=H+NO	29.255608439490686
