Reactions	Percentage
R826: N+NO2=O+N2O	0.01057765824114328
R942: NCN+H=N+HNC	0.023119332956672685
R913: NCO(+M)=CO+N(+M)	0.1340264239584651
R759: NH+O=OH+N	0.15808816355016958
R940: NCN+H=N+HCN	0.3225701656632729
R886: CN+O=N+CO	0.7800853342937928
R764: NH+OH=H2O+N	1.8661465009689935
R757: NH+H=H2+N	2.7875402845610733
R796: N+NO=O+N2	93.91781881764426
