Xaxis	Data
90	    9.723611
125	    7.000000
160	    5.468750
