Xaxis	Data
90	    6.945833
125	    6.000000
160	    4.687500
