Reactions	Percentage
R646: NCN+O2=NO+NCO	-0.027397402945891672
R645: NCN+NO=N2O+CN	-0.1341317121423922
R640: NCN+OH=NH+NCO	-1.1110713002526693
R643: NCN+H=N+HNC	-3.3714063827193503
R642: NCN+OH=NO+HCN	-3.689958253957517
R641: NCN+H=N+HCN	-35.34902569267354
R647: NCN+O=NO+CN	-56.317009255308626
