Reactions	Percentage
R620: NCO+NH3=NH2+HNCO	-0.018240742942918893
R571: CH+NH3=H+H+H2CN	-0.503179137419226
R486: NH3+O=OH+NH2	-5.176463531857369
R485: NH3+H=H2+NH2	-32.322212956848404
R484: NH3+OH=NH2+H2O	-61.9789014038397
