Reactions	Percentage
R613: NCO+HCN=CN+HNCO	-0.00221893771237747
R680: C2H3+HCN=H+CH2CHCN	-0.0044602178234708625
R598: HCN+O=OH+CN	-0.08842083469509418
R591: HCN+OH=CO+NH2	-0.5523524375204538
R592: HCN+OH=H+HNCO	-2.56084810140614
R590: CN+H2=H+HCN	-13.296162592877636
R593: HCN+O=CO+NH	-13.964799549485335
R597: HCN+OH=H2O+CN	-15.823262707399863
R595: HCN+O=H+NCO	-53.70747462107963
