Reactions	Percentage
R650: O2+C5H5N=C5H4N+HO2	-0.0021641351028525465
R652: O+C5H5N=C5H5NO	-0.9577777696386012
R651: O+C5H5N=C5H4N+OH	-11.499323526930368
R649: H+C5H5N=C5H4N+H2	-12.578712095097355
R648: C5H5N=C5H4N+H	-32.95594810881279
R655: OH+C5H5N=C5H4N+H2O	-42.00566892509091
