Reactions	Percentage
R470: NH2+NH2=NH+NH3	0.0011002787366625293
R476: NH2+NH=N+NH3	0.005080472608978028
R505: NH2+HNO=NO+NH3	0.009463923881030617
R629: HNCO+H2O=CO2+NH3	0.028937398515195598
R620: NCO+NH3=NH2+HNCO	-0.11639771160991073
R487: NH3(+M)=H+NH2(+M)	0.17958543710209063
R571: CH+NH3=H+H+H2CN	-0.18253820544270016
R477: NH2+HO2=O2+NH3	0.536909834567673
R486: NH3+O=OH+NH2	-5.820354801747805
R485: NH3+H=H2+NH2	-14.084659884800702
R484: NH3+OH=NH2+H2O	-79.0335094031279
