Reactions	Percentage
R476: NH2+NH=N+NH3	0.0054395906481341984
R462: NH+NH=N+NH2	0.00827711074227824
R643: NCN+H=N+HNC	0.025965150140035143
R614: NCO(+M)=CO+N(+M)	0.17386394062230995
R641: NCN+H=N+HCN	0.5480076828695338
R460: NH+O=OH+N	4.7314153817331315
R587: CN+O=N+CO	14.262190545562827
R465: NH+OH=H2O+N	35.64856852061815
R458: NH+H=H2+N	44.59623147601653
