Reactions	Percentage
R870: CH+NH3=H+H+H2CN	-0.006519558359759294
R919: NCO+NH3=NH2+HNCO	-0.01955587029773029
R784: NH3+H=H2+NH2	-2.332635187179856
R785: NH3+O=OH+NH2	-6.776700447774196
R783: NH3+OH=NH2+H2O	-90.86265122273434
