Reactions	Percentage
R868: CH+N=H+CN	-0.0013893118442956003
R867: C2H5+N=H2CN+CH3	-0.0020365010469328873
R777: NH2+N=H+H+N2	-0.002238441733039574
R756: N+O(+M)=NO(+M)	-0.009197970542376333
R865: TXCH2+N=H+HCN	-0.060094574062734885
R864: HCCO+N=CO+HCN	-0.2609916265723389
R796: N+NO=O+N2	-0.2706800031273785
R866: CH3+N=H+H2CN	-1.3356619880438423
R755: N+OH=H+NO	-32.2773107740656
R754: N+O2=O+NO	-65.78000986817965
