Reactions	Percentage
R940: NCN+H=N+HCN	0.0041909400684059595
R826: N+NO2=O+N2O	0.005580701471179313
R759: NH+O=OH+N	0.011102470745480868
R886: CN+O=N+CO	0.02927429139576803
R757: NH+H=H2+N	0.07252928632615575
R913: NCO(+M)=CO+N(+M)	0.07680429404374411
R764: NH+OH=H2O+N	0.17752897029523979
R755: N+OH=H+NO	-3.1455461069257034
R754: N+O2=O+NO	-46.90125698700716
R796: N+NO=O+N2	49.575161459876554
