Reactions	Percentage
R837: NNH+NH2=NH3+N2	0.0016956608553239272
R804: NH2+HNO=NO+NH3	0.0025732525448444272
R775: NH2+NH=N+NH3	0.002928018814602056
R786: NH3(+M)=H+NH2(+M)	3.542102025620389
R928: HNCO+H2O=CO2+NH3	96.45067668737596
