Reactions	Percentage
R771: NH2(+M)=H+NH(+M)	0.005909366664175102
R794: NH2+NO=OH+NNH	0.04529176601672598
R791: NH2+NO=H2O+N2	0.05319441774553518
R890: HCN+OH=CO+NH2	0.05667074978220301
R776: NH2+HO2=O2+NH3	0.10662487326824467
R784: NH3+H=H2+NH2	1.9144926613452045
R926: HNCO+H=CO+NH2	1.9694693452739622
R785: NH3+O=OH+NH2	4.520767409417694
R783: NH3+OH=NH2+H2O	91.32581687906226
