Reactions	Percentage
R500: HNO+N=NH+NO	0.0013866305322243868
R618: NCO+HNO=NO+HNCO	0.0023203141035362663
R507: HNO+NO=OH+N2O	0.0026139312749587523
R639: CH+N2O=NO+HCN	0.0031281884476641736
R506: HNO+NH=NO+NH2	0.0033865987578043256
R457: N+O(+M)=NO(+M)	0.005977413482767606
R606: H2CN+O2=NO+CH2O	0.022138542111048116
R545: NNH+O=NO+NH	0.030166286886644876
R642: NCN+OH=NO+HCN	0.04877114069918518
R622: NCO+OH=NO+CO+H	0.10214613081876084
R623: NCO+O2=CO2+NO	0.28521996016290035
R464: NH+O2=OH+NO	0.4714238415042729
R503: HNO+O2=HO2+NO	0.5968576559163183
R558: N2O+O=NO+NO	0.6236559254836844
R585: CN+O2=CO+NO	1.1499483565230557
R647: NCN+O=NO+CN	1.1949069877668648
R499: HNO+O=OH+NO	2.6841814034772997
R501: HNO+OH=H2O+NO	5.772671977653864
R498: HNO+H=H2+NO	11.856738820594426
R455: N+O2=O+NO	12.121731301616364
R466: NH+O=H+NO	27.236673159834112
R456: N+OH=H+NO	35.782641196837055
