Reactions	Percentage
R808: H2NO+NH2=NH3+HNO	0.001328315490882561
R769: NH2+NH2=NH+NH3	0.0014514737184905793
R804: NH2+HNO=NO+NH3	0.0016819162112060753
R870: CH+NH3=H+H+H2CN	-0.0063929348528853945
R919: NCO+NH3=NH2+HNCO	-0.019176054251853043
R786: NH3(+M)=H+NH2(+M)	0.028297358494495814
R776: NH2+HO2=O2+NH3	1.9094056084495812
R784: NH3+H=H2+NH2	-2.2873305160105235
R785: NH3+O=OH+NH2	-6.645082701850258
R783: NH3+OH=NH2+H2O	-89.09790782957798
