Reactions	Percentage
R775: NH2+NH=N+NH3	0.0015293862216952086
R804: NH2+HNO=NO+NH3	0.07736055704308277
R808: H2NO+NH2=NH3+HNO	0.08147438308591236
R769: NH2+NH2=NH+NH3	0.08558172789399689
R786: NH3(+M)=H+NH2(+M)	0.6721322885869798
R776: NH2+HO2=O2+NH3	99.08170622292603
