Reactions	Percentage
R947: C5H5N=C5H4N+H	34.778417131964154
R953: C5H5NO=O+C5H5N	65.22158286803584
