Reactions	Percentage
R869: CH3+NH2=CH3NH2	0.011059973086151748
R919: NCO+NH3=NH2+HNCO	0.012043367109549018
R810: H2NO+H=OH+NH2	0.013035055843113236
R771: NH2(+M)=H+NH(+M)	0.055517868320870745
R793: NH2+NO=H2O+N2	0.14791502472861054
R890: HCN+OH=CO+NH2	0.1691402973386956
R784: NH3+H=H2+NH2	3.1618502697372715
R926: HNCO+H=CO+NH2	5.629807209932552
R785: NH3+O=OH+NH2	8.343420713229296
R783: NH3+OH=NH2+H2O	82.45466124205201
