Reactions	Percentage
R947: C5H5N=C5H4N+H	4.984200384148468
R953: C5H5NO=O+C5H5N	95.01579961585152
