Reactions	Percentage
R826: N+NO2=O+N2O	0.005765295229834086
R913: NCO(+M)=CO+N(+M)	0.2899380545736454
R942: NCN+H=N+HNC	0.3806046969982795
R759: NH+O=OH+N	3.5177951327704746
R940: NCN+H=N+HCN	6.366381180757536
R796: N+NO=O+N2	7.04039869169165
R886: CN+O=N+CO	15.694525878405635
R764: NH+OH=H2O+N	18.279435235042282
R757: NH+H=H2+N	48.42488014741046
