Reactions	Percentage
R837: NNH+NH2=NH3+N2	0.0011702278047075849
R775: NH2+NH=N+NH3	0.0036519730274909936
R808: H2NO+NH2=NH3+HNO	0.052428136674054215
R769: NH2+NH2=NH+NH3	0.07651979560483732
R804: NH2+HNO=NO+NH3	0.08761179853140529
R928: HNCO+H2O=CO2+NH3	0.3073745394857926
R786: NH3(+M)=H+NH2(+M)	3.9745252463960075
R776: NH2+HO2=O2+NH3	95.49659147400058
