Reactions	Percentage
R917: NCO+HNO=NO+HNCO	0.0010015232760749683
R945: NCN+O2=NO+NCO	0.0010941733647101895
R938: CH+N2O=NO+HCN	0.0011582950846813064
R756: N+O(+M)=NO(+M)	0.00399224844647632
R806: HNO+NO=OH+N2O	0.007790447060404975
R905: H2CN+O2=NO+CH2O	0.015343371129786211
R921: NCO+OH=NO+CO+H	0.043791287618222166
R793: NH2+NO=H2O+N2	0.07219733636874351
R941: NCN+OH=NO+HCN	0.08686829894728942
R844: NNH+O=NO+NH	0.4597660691845964
R795: NH+NO=H+N2O	0.5294252447030461
R884: CN+O2=CO+NO	1.1914360372025745
R796: N+NO=O+N2	1.3414137920379068
R857: N2O+O=NO+NO	3.3818286022749735
R946: NCN+O=NO+CN	3.6103791264795326
R798: HNO+O=OH+NO	3.8453015173412957
R763: NH+O2=OH+NO	4.7130936002981
R797: HNO+H=H2+NO	6.066966950360622
R800: HNO+OH=H2O+NO	7.354483671997636
R922: NCO+O2=CO2+NO	8.184037761976395
R754: N+O2=O+NO	8.878339132255505
R765: NH+O=H+NO	15.278203282453461
R802: HNO+O2=HO2+NO	17.13181869263624
R755: N+OH=H+NO	17.7989966070684
