Reactions	Percentage
R654: C5H5NO=O+C5H5N	0.060562589838239866
R652: O+C5H5N=C5H5NO	-1.9755456661100887
R649: H+C5H5N=C5H4N+H2	-16.034745509552394
R651: O+C5H5N=C5H4N+OH	-19.100376289089503
R648: C5H5N=C5H4N+H	-21.83744409033367
R655: OH+C5H5N=C5H4N+H2O	-40.98983150489814
