Reactions	Percentage
R779: NH2+NH=H+N2H2	-0.0021819579238393327
R771: NH2(+M)=H+NH(+M)	-0.01398094176413643
R792: NH+NO=OH+N2	-0.01712755147545494
R759: NH+O=OH+N	-0.6166441905265331
R764: NH+OH=H2O+N	-1.8212126570464515
R757: NH+H=H2+N	-1.9242201077795962
R766: NH+OH=H+HNO	-5.265115704031064
R765: NH+O=H+NO	-14.967877151575824
R763: NH+O2=OH+NO	-34.99179889959671
R767: NH+O2=O+HNO	-40.37844593692739
