Reactions	Percentage
R889: CN+H2=H+HCN	-0.01803721731008734
R897: HCN+O=OH+CN	-0.0705852813523628
R890: HCN+OH=CO+NH2	-0.14414665796534704
R891: HCN+OH=H+HNCO	-1.058708958301213
R896: HCN+OH=H2O+CN	-10.728664606356675
R892: HCN+O=CO+NH	-17.617991304023956
R894: HCN+O=H+NCO	-70.36123646877346
