Reactions	Percentage
R955: HO2+C5H5N=C5H4N+H2O2	-0.0010771620564784775
R949: O2+C5H5N=C5H4N+HO2	-0.09118512211821861
R948: H+C5H5N=C5H4N+H2	-0.2832148280149773
R951: O+C5H5N=C5H5NO	-10.48193243156163
R950: O+C5H5N=C5H4N+OH	-29.401286485028795
R954: OH+C5H5N=C5H4N+H2O	-59.74130397121991
