Reactions	Percentage
R870: CH+NH3=H+H+H2CN	-0.001793168016923345
R919: NCO+NH3=NH2+HNCO	-0.016803123832717978
R784: NH3+H=H2+NH2	-1.0943354272756043
R785: NH3+O=OH+NH2	-7.846954006098615
R783: NH3+OH=NH2+H2O	-91.03927736797277
