Reactions	Percentage
R500: HNO+N=NH+NO	-0.0026027842627238218
R505: NH2+HNO=NO+NH3	-0.0028656882028090087
R618: NCO+HNO=NO+HNCO	-0.0063013401775118575
R506: HNO+NH=NO+NH2	-0.00889944254325193
R503: HNO+O2=HO2+NO	-2.3872931861768825
R499: HNO+O=OH+NO	-7.678829398733113
R501: HNO+OH=H2O+NO	-37.61034371533963
R498: HNO+H=H2+NO	-52.302245575686925
