Reactions	Percentage
R568: C2H5+N=H2CN+CH3	-0.0020138219554090655
R457: N+O(+M)=NO(+M)	-0.008162418202489018
R569: CH+N=H+CN	-0.014227480929952855
R461: NH+N=H+N2	-0.04322178860348569
R478: NH2+N=H+H+N2	-0.0730394525526826
R565: HCCO+N=CO+HCN	-0.1539622824506344
R566: TXCH2+N=H+HCN	-0.25600593282127426
R567: CH3+N=H+H2CN	-6.0171673724909915
R455: N+O2=O+NO	-38.76766288011941
R456: N+OH=H+NO	-54.66300346680691
