Reactions	Percentage
R804: NH2+HNO=NO+NH3	0.0012044317001220174
R769: NH2+NH2=NH+NH3	0.0012999083695224122
R870: CH+NH3=H+H+H2CN	-0.0017662895843873548
R919: NCO+NH3=NH2+HNCO	-0.01655125583927333
R786: NH3(+M)=H+NH2(+M)	0.018414434521691687
R784: NH3+H=H2+NH2	-1.077932044727973
R776: NH2+HO2=O2+NH3	1.4767810684945903
R785: NH3+O=OH+NH2	-7.729333224400858
R783: NH3+OH=NH2+H2O	-89.67465729234885
