Reactions	Percentage
R955: HO2+C5H5N=C5H4N+H2O2	-0.001074012310142862
R947: C5H5N=C5H4N+H	0.06855057356336153
R949: O2+C5H5N=C5H4N+HO2	-0.09091848628331602
R953: C5H5NO=O+C5H5N	0.22386098295886359
R948: H+C5H5N=C5H4N+H2	-0.28238667512807697
R951: O+C5H5N=C5H5NO	-10.451282049784892
R950: O+C5H5N=C5H4N+OH	-29.315313725580367
R954: OH+C5H5N=C5H4N+H2O	-59.566613494390985
