Reactions	Percentage
R804: NH2+HNO=NO+NH3	-0.0012770060354319174
R917: NCO+HNO=NO+HNCO	-0.002911378028400265
R798: HNO+O=OH+NO	-11.178099019361827
R797: HNO+H=H2+NO	-17.63636921902982
R800: HNO+OH=H2O+NO	-21.379115877162757
R802: HNO+O2=HO2+NO	-49.80133933956077
