Reactions	Percentage
R927: HNCO(+M)=NH+CO(+M)	-0.0010791705750191592
R758: NH+NH=N2+H+H	-0.0022385060954583373
R760: NH+N=H+N2	-0.004215831604089478
R792: NH+NO=OH+N2	-0.027087864505387506
R771: NH2(+M)=H+NH(+M)	-0.05798813263423207
R759: NH+O=OH+N	-1.4342785844096075
R764: NH+OH=H2O+N	-7.452907717248292
R763: NH+O2=OH+NO	-10.085641369617303
R767: NH+O2=O+HNO	-13.497858662722297
R766: NH+OH=H+HNO	-14.996584065105017
R757: NH+H=H2+N	-19.743835535224306
R765: NH+O=H+NO	-32.69412664946636
