Reactions	Percentage
R919: NCO+NH3=NH2+HNCO	-0.012813014669663995
R870: CH+NH3=H+H+H2CN	-0.022219818965073534
R784: NH3+H=H2+NH2	-3.3639125604086795
R785: NH3+O=OH+NH2	-8.876618226560778
R783: NH3+OH=NH2+H2O	-87.72403717884752
