Reactions	Percentage
R933: HNCO+NH=NCO+NH2	0.002334692811341735
R939: NCN+OH=NH+NCO	0.09474746194294863
R844: NNH+O=NO+NH	1.0634574269509236
R795: NH+NO=H+N2O	1.22458190421336
R925: HNCO+O=CO2+NH	1.9818535916682616
R900: HNC+O=CO+NH	2.6122562842046486
R782: NH2+H=H2+NH	4.459282991548036
R778: NH2+O=OH+NH	9.26350387858998
R780: NH2+OH=H2O+NH	12.149527218561188
R892: HCN+O=CO+NH	13.55760331410111
R923: NCO+H=NH+CO	53.5896863624742
