Reactions	Percentage
R949: O2+C5H5N=C5H4N+HO2	-0.03520754631596937
R948: H+C5H5N=C5H4N+H2	-0.9190901751599213
R951: O+C5H5N=C5H5NO	-9.03439987368135
R950: O+C5H5N=C5H4N+OH	-30.73168388154902
R954: OH+C5H5N=C5H4N+H2O	-59.278814338462674
