Reactions	Percentage
R777: NH2+N=H+H+N2	-0.004590747452424914
R867: C2H5+N=H2CN+CH3	-0.005438906006000512
R760: NH+N=H+N2	-0.006862853838089602
R756: N+O(+M)=NO(+M)	-0.013907097883226069
R868: CH+N=H+CN	-0.0476681332525032
R865: TXCH2+N=H+HCN	-0.4441555663588405
R864: HCCO+N=CO+HCN	-0.5281455583193831
R866: CH3+N=H+H2CN	-6.017842557631578
R754: N+O2=O+NO	-30.927917690526947
R755: N+OH=H+NO	-62.00325239181659
