Reactions	Percentage
R979: C2H3+HCN=H+CH2CHCN	-0.004386820279686076
R897: HCN+O=OH+CN	-0.08527075250528458
R890: HCN+OH=CO+NH2	-0.24293212687423713
R891: HCN+OH=H+HNCO	-1.396944225036194
R889: CN+H2=H+HCN	-3.142770199878315
R896: HCN+OH=H2O+CN	-10.250630391252363
R892: HCN+O=CO+NH	-17.247601491309947
R894: HCN+O=H+NCO	-67.62922287164787
