Reactions	Percentage
R947: C5H5N=C5H4N+H	32.673795904655584
R953: C5H5NO=O+C5H5N	67.32620409534442
