Reactions	Percentage
R854: N2H2+O=NO+NH2	0.0012632891949072352
R771: NH2(+M)=H+NH(+M)	0.005279684037191216
R869: CH3+NH2=CH3NH2	0.012167304314650277
R810: H2NO+H=OH+NH2	0.013197236544170158
R919: NCO+NH3=NH2+HNCO	0.016722330868964973
R890: HCN+OH=CO+NH2	0.04530859617813788
R793: NH2+NO=H2O+N2	0.1637374287073764
R926: HNCO+H=CO+NH2	0.2415510243718145
R784: NH3+H=H2+NH2	1.089073631707726
R785: NH3+O=OH+NH2	7.809224196040812
R783: NH3+OH=NH2+H2O	90.60154131902644
