Reactions	Percentage
R826: N+NO2=O+N2O	0.03432248407027729
R942: NCN+H=N+HNC	0.08294776626688201
R940: NCN+H=N+HCN	2.192412954262028
R913: NCO(+M)=CO+N(+M)	3.9447099333478333
R759: NH+O=OH+N	9.166370705760249
R886: CN+O=N+CO	12.890560950114851
R796: N+NO=O+N2	16.01208929132638
R764: NH+OH=H2O+N	27.07219269228171
R757: NH+H=H2+N	28.603390899256
