Reactions	Percentage
R769: NH2+NH2=NH+NH3	0.0036127234640646773
R933: HNCO+NH=NCO+NH2	0.007464209809782416
R939: NCN+OH=NH+NCO	0.015879732630612847
R844: NNH+O=NO+NH	0.4580779257981313
R795: NH+NO=H+N2O	0.5762681125029862
R782: NH2+H=H2+NH	1.8507769872216406
R900: HNC+O=CO+NH	2.1904400176666416
R925: HNCO+O=CO2+NH	2.80562269662064
R923: NCO+H=NH+CO	12.801999692363456
R892: HCN+O=CO+NH	15.23310863804928
R780: NH2+OH=H2O+NH	28.63956465141278
R778: NH2+O=OH+NH	35.4167675405356
