Reactions	Percentage
R947: C5H5N=C5H4N+H	23.443182061154705
R953: C5H5NO=O+C5H5N	76.5568179388453
