Reactions	Percentage
R818: NH+NO2=NO+HNO	-0.001177968848424236
R779: NH2+NH=H+N2H2	-0.0047669073982175994
R771: NH2(+M)=H+NH(+M)	-0.010750742102066144
R792: NH+NO=OH+N2	-0.027404324145542235
R795: NH+NO=H+N2O	-0.1082479866471917
R759: NH+O=OH+N	-0.4068635842855538
R757: NH+H=H2+N	-0.8819322398938446
R764: NH+OH=H2O+N	-1.4965266304706044
R766: NH+OH=H+HNO	-4.9526287782068525
R765: NH+O=H+NO	-10.134773573557506
R763: NH+O2=OH+NO	-38.23007408931206
R767: NH+O2=O+HNO	-43.742327035569275
