Reactions	Percentage
R870: CH+NH3=H+H+H2CN	-0.0013380275875853078
R787: NH3+HO2=H2O2+NH2	-0.0014932518050837095
R928: HNCO+H2O=CO2+NH3	-0.004825781750733989
R919: NCO+NH3=NH2+HNCO	-0.024529250130424868
R784: NH3+H=H2+NH2	-0.8031633784326259
R785: NH3+O=OH+NH2	-6.231229216879583
R783: NH3+OH=NH2+H2O	-92.93342109341395
