Reactions	Percentage
R955: HO2+C5H5N=C5H4N+H2O2	-0.0018205575133264113
R949: O2+C5H5N=C5H4N+HO2	-0.07586486770049405
R948: H+C5H5N=C5H4N+H2	-0.25430527581720086
R951: O+C5H5N=C5H5NO	-9.261537416443566
R950: O+C5H5N=C5H4N+OH	-25.63078732282107
R954: OH+C5H5N=C5H4N+H2O	-64.77568455970435
