Reactions	Percentage
R955: HO2+C5H5N=C5H4N+H2O2	-0.0014196170287664109
R949: O2+C5H5N=C5H4N+HO2	-0.02737220333925153
R947: C5H5N=C5H4N+H	0.12334112135809143
R953: C5H5NO=O+C5H5N	0.25415135523694343
R948: H+C5H5N=C5H4N+H2	-0.7288940475503722
R951: O+C5H5N=C5H5NO	-8.21845404128012
R950: O+C5H5N=C5H4N+OH	-26.415271256711076
R954: OH+C5H5N=C5H4N+H2O	-64.23109635749537
