Reactions	Percentage
R568: C2H5+N=H2CN+CH3	-0.002703752814154867
R569: CH+N=H+CN	-0.0028541715890524717
R500: HNO+N=NH+NO	-0.003869520351197627
R457: N+O(+M)=NO(+M)	-0.008272699458794523
R461: NH+N=H+N2	-0.08061600321596661
R566: TXCH2+N=H+HCN	-0.12092903447390146
R478: NH2+N=H+H+N2	-0.15100371888812508
R565: HCCO+N=CO+HCN	-0.3716300878057763
R567: CH3+N=H+H2CN	-4.60021671916094
R497: N+NO=O+N2	-20.61869962047809
R455: N+O2=O+NO	-32.61442120322719
R456: N+OH=H+NO	-41.423466197241254
