Reactions	Percentage
R680: C2H3+HCN=H+CH2CHCN	-0.00624371325044937
R613: NCO+HCN=CN+HNCO	-0.006975840509801196
R598: HCN+O=OH+CN	-0.0955535049992943
R591: HCN+OH=CO+NH2	-0.3320135065075927
R592: HCN+OH=H+HNCO	-1.8534361420642231
R597: HCN+OH=H2O+CN	-13.949694888547825
R593: HCN+O=CO+NH	-16.937947622579543
R595: HCN+O=H+NCO	-66.81813231231789
