Reactions	Percentage
R650: O2+C5H5N=C5H4N+HO2	-0.0016287057146048844
R656: HO2+C5H5N=C5H4N+H2O2	-0.001814402354710298
R648: C5H5N=C5H4N+H	-0.6692712490121138
R652: O+C5H5N=C5H5NO	-3.5913251559263295
R649: H+C5H5N=C5H4N+H2	-7.298980704976901
R651: O+C5H5N=C5H4N+OH	-22.140016625833127
R655: OH+C5H5N=C5H4N+H2O	-66.29696315618222
