Reactions	Percentage
R775: NH2+NH=N+NH3	0.0015415381723573236
R928: HNCO+H2O=CO2+NH3	0.01840386364084038
R808: H2NO+NH2=NH3+HNO	0.062218608001365104
R804: NH2+HNO=NO+NH3	0.08035246848325223
R769: NH2+NH2=NH+NH3	0.08672209996015863
R786: NH3(+M)=H+NH2(+M)	1.2285007687785405
R776: NH2+HO2=O2+NH3	98.52198696767422
