Reactions	Percentage
R504: HNO+N=H+N2O	-0.0013456759503050128
R505: NH2+HNO=NO+NH3	-0.0031376405507451367
R500: HNO+N=NH+NO	-0.0063381094826966775
R618: NCO+HNO=NO+HNCO	-0.013005068685060532
R506: HNO+NH=NO+NH2	-0.01648089126943764
R503: HNO+O2=HO2+NO	-2.9726838777050477
R499: HNO+O=OH+NO	-12.502351707811702
R501: HNO+OH=H2O+NO	-27.873632552358856
R498: HNO+H=H2+NO	-56.61067857499089
