Reactions	Percentage
R646: NCN+O2=NO+NCO	-0.02014659896754582
R645: NCN+NO=N2O+CN	-0.15508118584820008
R640: NCN+OH=NH+NCO	-0.7583065609047293
R642: NCN+OH=NO+HCN	-2.354504015590278
R643: NCN+H=N+HNC	-3.1985644015108137
R641: NCN+H=N+HCN	-36.27987165593134
R647: NCN+O=NO+CN	-57.23352558124708
