Reactions	Percentage
R462: NH+NH=N+NH2	0.003366023861937359
R506: HNO+NH=NO+NH2	0.004874302546016647
R620: NCO+NH3=NH2+HNCO	0.011680729225032166
R570: CH3+NH2=CH3NH2	0.03536768683762408
R472: NH2(+M)=H+NH(+M)	0.05918079132364868
R494: NH2+NO=H2O+N2	0.09892064258929703
R591: HCN+OH=CO+NH2	1.1105425920448817
R486: NH3+O=OH+NH2	3.3148248976532075
R485: NH3+H=H2+NH2	20.698006582529977
R627: HNCO+H=CO+NH2	34.972660345948945
R484: NH3+OH=NH2+H2O	39.68910516576631
