Reactions	Percentage
R634: HNCO+NH=NCO+NH2	0.0014179604931313825
R545: NNH+O=NO+NH	0.009078572584684383
R640: NCN+OH=NH+NCO	0.01470845038776697
R628: HNCO(+M)=NH+CO(+M)	0.044025884538553765
R479: NH2+O=OH+NH	1.2837583182778907
R626: HNCO+O=CO2+NH	1.7230086147647903
R601: HNC+O=CO+NH	3.618038702651332
R481: NH2+OH=H2O+NH	8.426158678542139
R483: NH2+H=H2+NH	15.033465103897626
R593: HCN+O=CO+NH	15.70002517449247
R624: NCO+H=NH+CO	54.14512250700544
