Reactions	Percentage
R476: NH2+NH=N+NH3	0.0010301201086190283
R462: NH+NH=N+NH2	0.0024089695029237243
R527: N+NO2=O+N2O	0.0035785951454132803
R643: NCN+H=N+HNC	0.057122026120847554
R614: NCO(+M)=CO+N(+M)	0.2862664380373632
R641: NCN+H=N+HCN	0.5989217241723166
R460: NH+O=OH+N	1.5188468399944994
R587: CN+O=N+CO	9.390390981215974
R465: NH+OH=H2O+N	22.18260719717704
R497: N+NO=O+N2	27.118679073202014
R458: NH+H=H2+N	38.84014803532298
