Reactions	Percentage
R476: NH2+NH=N+NH3	0.001751151226347905
R462: NH+NH=N+NH2	0.0059291145014973975
R643: NCN+H=N+HNC	0.13030939947397735
R614: NCO(+M)=CO+N(+M)	0.23556201857339826
R641: NCN+H=N+HCN	1.4780410728749174
R460: NH+O=OH+N	2.5375763593047673
R587: CN+O=N+CO	17.37826797172413
R465: NH+OH=H2O+N	20.27220728953538
R458: NH+H=H2+N	57.960047574652954
