Reactions	Percentage
R548: N2H2+NH2=NH3+NNH	0.0027414639867398057
R488: NH3+HO2=H2O2+NH2	0.012128104548411183
R509: H2NO+NH2=NH3+HNO	0.01581776058147008
R538: NNH+NH2=NH3+N2	0.03282935079838301
R505: NH2+HNO=NO+NH3	0.9075199509970298
R476: NH2+NH=N+NH3	1.120641030896239
R629: HNCO+H2O=CO2+NH3	10.96534381238739
R487: NH3(+M)=H+NH2(+M)	41.736429354207644
R477: NH2+HO2=O2+NH3	45.20654917159669
