Reactions	Percentage
R979: C2H3+HCN=H+CH2CHCN	-0.002777990898495041
R897: HCN+O=OH+CN	-0.0865295111921037
R890: HCN+OH=CO+NH2	-0.4572799350817578
R891: HCN+OH=H+HNCO	-2.333800610599171
R889: CN+H2=H+HCN	-6.285259133310141
R892: HCN+O=CO+NH	-15.032635359122251
R896: HCN+OH=H2O+CN	-17.529276853218807
R894: HCN+O=H+NCO	-58.272306696310906
