Reactions	Percentage
R897: HCN+O=OH+CN	-0.07203507669164758
R890: HCN+OH=CO+NH2	-0.2364753465231904
R889: CN+H2=H+HCN	-0.42156921667252073
R891: HCN+OH=H+HNCO	-1.6983361900367662
R892: HCN+O=CO+NH	-15.9933400719993
R896: HCN+OH=H2O+CN	-17.758654155028218
R894: HCN+O=H+NCO	-63.81826781019379
