Reactions	Percentage
R955: HO2+C5H5N=C5H4N+H2O2	-0.0014249962825247007
R949: O2+C5H5N=C5H4N+HO2	-0.027475922881002375
R948: H+C5H5N=C5H4N+H2	-0.7316559938818329
R951: O+C5H5N=C5H5NO	-8.249595644186437
R950: O+C5H5N=C5H4N+OH	-26.515364763836295
R954: OH+C5H5N=C5H4N+H2O	-64.47448267893192
