Reactions	Percentage
R476: NH2+NH=N+NH3	0.002240404600585277
R505: NH2+HNO=NO+NH3	0.002443044157912979
R620: NCO+NH3=NH2+HNCO	-0.01818120480081694
R477: NH2+HO2=O2+NH3	0.06995698390630208
R487: NH3(+M)=H+NH2(+M)	0.11721656980160404
R629: HNCO+H2O=CO2+NH3	0.1344155454271693
R571: CH+NH3=H+H+H2CN	-0.5015367508629245
R486: NH3+O=OH+NH2	-5.159567453539192
R485: NH3+H=H2+NH2	-32.21671262091931
R484: NH3+OH=NH2+H2O	-61.77660105617009
