Reactions	Percentage
R771: NH2(+M)=H+NH(+M)	-0.006635957931033574
R759: NH+O=OH+N	-0.440505771519727
R757: NH+H=H2+N	-2.8776990242359464
R764: NH+OH=H2O+N	-7.043705659736934
R765: NH+O=H+NO	-10.880983589512176
R763: NH+O2=OH+NO	-15.2798325380247
R766: NH+OH=H+HNO	-20.347506219899262
R767: NH+O2=O+HNO	-43.12287181646015
