Reactions	Percentage
R755: N+OH=H+NO	-6.285107788762145
R754: N+O2=O+NO	-93.71328398040116
