Reactions	Percentage
R897: HCN+O=OH+CN	-0.07592127147415462
R890: HCN+OH=CO+NH2	-0.5976725167773924
R889: CN+H2=H+HCN	-1.3911962676493483
R891: HCN+OH=H+HNCO	-3.4106318101936406
R892: HCN+O=CO+NH	-11.488423760725935
R896: HCN+OH=H2O+CN	-37.75468792764178
R894: HCN+O=H+NCO	-45.28074122677387
