Reactions	Percentage
R836: NNH+NO=HNO+N2	-0.004410420661180729
R831: HONO+H=OH+HNO	-0.06954376935965718
R798: HNO+O=OH+NO	-3.2391189021903903
R797: HNO+H=H2+NO	-3.502763834457095
R807: HNO=NO+H	-6.576456326085522
R800: HNO+OH=H2O+NO	-42.74372744895371
R802: HNO+O2=HO2+NO	-43.86367584933398
