Reactions	Percentage
R777: NH2+N=H+H+N2	-0.0010437191181615702
R868: CH+N=H+CN	-0.001740164398547555
R756: N+O(+M)=NO(+M)	-0.010653843370331784
R865: TXCH2+N=H+HCN	-0.058039867166981535
R864: HCCO+N=CO+HCN	-0.2048670152186434
R866: CH3+N=H+H2CN	-0.4978025710655941
R755: N+OH=H+NO	-32.18575072789982
R754: N+O2=O+NO	-67.03897018562978
