Reactions	Percentage
R804: NH2+HNO=NO+NH3	-0.001590398221060162
R917: NCO+HNO=NO+HNCO	-0.0029138152632420884
R807: HNO=NO+H	-0.9528127465826545
R797: HNO+H=H2+NO	-2.194940490542587
R798: HNO+O=OH+NO	-6.650429809313824
R800: HNO+OH=H2O+NO	-10.941936548550368
R802: HNO+O2=HO2+NO	-79.25479822982425
