Reactions	Percentage
R538: NNH+NH2=NH3+N2	0.002287891122470659
R548: N2H2+NH2=NH3+NNH	0.007501591999963104
R509: H2NO+NH2=NH3+HNO	0.08640663646421323
R470: NH2+NH2=NH+NH3	0.1444295140093425
R476: NH2+NH=N+NH3	0.6668948198328497
R505: NH2+HNO=NO+NH3	1.2422942307371887
R629: HNCO+H2O=CO2+NH3	3.7985051105520493
R487: NH3(+M)=H+NH2(+M)	23.57351509171777
R477: NH2+HO2=O2+NH3	70.47816511356415
