Reactions	Percentage
R500: HNO+N=NH+NO	0.0014840761192535562
R634: HNCO+NH=NCO+NH2	0.007749778127417092
R640: NCN+OH=NH+NCO	0.018067196061842296
R479: NH2+O=OH+NH	2.101870431734266
R626: HNCO+O=CO2+NH	2.7492142029013014
R601: HNC+O=CO+NH	3.2801143936983883
R481: NH2+OH=H2O+NH	5.85229481776451
R483: NH2+H=H2+NH	5.9106889007899195
R593: HCN+O=CO+NH	16.605567473904927
R624: NCO+H=NH+CO	63.47255051793631
