Reactions	Percentage
R777: NH2+N=H+H+N2	-0.0024905489987776907
R756: N+O(+M)=NO(+M)	-0.006575388729524484
R865: TXCH2+N=H+HCN	-0.02714810324444446
R864: HCCO+N=CO+HCN	-0.16977096884958354
R796: N+NO=O+N2	-0.18354751343575018
R866: CH3+N=H+H2CN	-0.4254599726099586
R755: N+OH=H+NO	-21.50342261640036
R754: N+O2=O+NO	-77.68013363646503
