Reactions	Percentage
R897: HCN+O=OH+CN	-0.06841336876870231
R889: CN+H2=H+HCN	-0.0999470134074466
R890: HCN+OH=CO+NH2	-0.18054263772796503
R891: HCN+OH=H+HNCO	-1.3377836458199657
R896: HCN+OH=H2O+CN	-13.836495091211118
R892: HCN+O=CO+NH	-16.905189221680654
R894: HCN+O=H+NCO	-67.57069770653492
