Reactions	Percentage
R804: NH2+HNO=NO+NH3	-0.0032591293819620335
R917: NCO+HNO=NO+HNCO	-0.00480256134931027
R807: HNO=NO+H	-1.3507851544439646
R797: HNO+H=H2+NO	-1.374812433253767
R798: HNO+O=OH+NO	-5.28350291986753
R800: HNO+OH=H2O+NO	-11.708679308495343
R802: HNO+O2=HO2+NO	-80.27294522804743
