Reactions	Percentage
R620: NCO+NH3=NH2+HNCO	-0.04847840064191935
R571: CH+NH3=H+H+H2CN	-1.125827514657944
R486: NH3+O=OH+NH2	-6.548305238005709
R485: NH3+H=H2+NH2	-38.94196537089406
R484: NH3+OH=NH2+H2O	-53.33473620672512
