Reactions	Percentage
R652: O+C5H5N=C5H5NO	-1.9767428327640526
R649: H+C5H5N=C5H4N+H2	-16.04446245153867
R651: O+C5H5N=C5H4N+OH	-19.111950981572555
R648: C5H5N=C5H4N+H	-21.850677426480345
R655: OH+C5H5N=C5H4N+H2O	-41.014671051900805
