Reactions	Percentage
R613: NCO+HCN=CN+HNCO	-0.00374977179398106
R680: C2H3+HCN=H+CH2CHCN	-0.006642265204920746
R598: HCN+O=OH+CN	-0.0999888871684578
R591: HCN+OH=CO+NH2	-0.36489929444814145
R592: HCN+OH=H+HNCO	-1.7365245560690437
R590: CN+H2=H+HCN	-10.127793845018857
R597: HCN+OH=H2O+CN	-10.364078717096643
R593: HCN+O=CO+NH	-15.910434575969798
R595: HCN+O=H+NCO	-61.38588808723016
