Reactions	Percentage
R644: CO+NCN=CN+NCO	0.5441642069961958
R637: CH+N2=NCN+H	99.4558357930038
