Reactions	Percentage
R500: HNO+N=NH+NO	0.0017339248202342034
R634: HNCO+NH=NCO+NH2	0.0019336818289991857
R628: HNCO(+M)=NH+CO(+M)	0.01333597252933012
R640: NCN+OH=NH+NCO	0.018699326966910717
R545: NNH+O=NO+NH	0.026642868501403932
R479: NH2+O=OH+NH	1.0308311849958938
R626: HNCO+O=CO2+NH	1.1676415829163498
R481: NH2+OH=H2O+NH	3.6738096481147333
R601: HNC+O=CO+NH	3.75103537235789
R483: NH2+H=H2+NH	10.740074335688494
R593: HCN+O=CO+NH	16.108709635965536
R624: NCO+H=NH+CO	63.465407885812894
