Reactions	Percentage
R644: CO+NCN=CN+NCO	0.3147263011292945
R637: CH+N2=NCN+H	99.6852736988707
