Reactions	Percentage
R639: CH+N2O=NO+HCN	0.0010246995366272767
R618: NCO+HNO=NO+HNCO	0.0011292731707579417
R506: HNO+NH=NO+NH2	0.0015948832178053472
R457: N+O(+M)=NO(+M)	0.004379571191572263
R545: NNH+O=NO+NH	0.005312357312102373
R606: H2CN+O2=NO+CH2O	0.01194816491858975
R642: NCN+OH=NO+HCN	0.02858354774935785
R494: NH2+NO=H2O+N2	0.032367066112693424
R622: NCO+OH=NO+CO+H	0.11915042932961306
R507: HNO+NO=OH+N2O	0.14454766237021496
R623: NCO+O2=CO2+NO	0.15819548497122018
R464: NH+O2=OH+NO	0.3646849461196153
R503: HNO+O2=HO2+NO	0.42783059951340396
R647: NCN+O=NO+CN	0.4362489318207396
R585: CN+O2=CO+NO	0.6532699583552283
R499: HNO+O=OH+NO	1.376135199582363
R558: N2O+O=NO+NO	2.4245184414777845
R501: HNO+OH=H2O+NO	6.74020936884068
R498: HNO+H=H2+NO	9.373168411031301
R497: N+NO=O+N2	12.398547953554443
R466: NH+O=H+NO	15.165318764640256
R455: N+O2=O+NO	20.800911605164078
R456: N+OH=H+NO	29.32960665443978
