Reactions	Percentage
R548: N2H2+NH2=NH3+NNH	0.0014244370567084406
R509: H2NO+NH2=NH3+HNO	0.015079073402433234
R538: NNH+NH2=NH3+N2	0.02314392652860848
R476: NH2+NH=N+NH3	0.6863943509931744
R505: NH2+HNO=NO+NH3	0.7484771763012267
R477: NH2+HO2=O2+NH3	21.43277091703082
R487: NH3(+M)=H+NH2(+M)	35.91172386166313
R629: HNCO+H2O=CO2+NH3	41.18098625702391
