Reactions	Percentage
R618: NCO+HNO=NO+HNCO	0.0010483879710875884
R506: HNO+NH=NO+NH2	0.0014806482825712992
R579: C2H3+NO=CH2O+HCN	-0.0017768680894787012
R457: N+O(+M)=NO(+M)	0.004065880492568857
R545: NNH+O=NO+NH	0.00493185497392917
R606: H2CN+O2=NO+CH2O	0.011092366932628744
R495: NH2+NO=OH+NNH	-0.02488870796934245
R642: NCN+OH=NO+HCN	0.026536225607238645
R494: NH2+NO=H2O+N2	0.030048746087865782
R492: NH2+NO=H2O+N2	-0.04172699281406782
R621: NCO+NO=CO2+N2	-0.05154881180852101
R577: CH+NO=OH+CN	-0.05235461387022933
R493: NH+NO=OH+N2	-0.09014815858568208
R575: TXCH2+NO=OH+HCN	-0.09861821049225886
R622: NCO+OH=NO+CO+H	0.11061617338809836
R507: HNO+NO=OH+N2O	0.13419430692402964
R623: NCO+O2=CO2+NO	0.14686459203921384
R573: CH3+NO=OH+H2CN	-0.16235080254452924
R580: CH3+NO=H2O+HCN	-0.16451022218630473
R496: NH+NO=H+N2O	-0.20856681009380393
R464: NH+O2=OH+NO	0.3385640610694028
R574: HCCO+NO=CO2+HCN	-0.37115286955118865
R503: HNO+O2=HO2+NO	0.3971868506288869
R647: NCN+O=NO+CN	0.4050022123643517
R578: SXCH2+NO=OH+HCN	-0.45078583321003457
R585: CN+O2=CO+NO	0.6064789140016806
R508: HNO=NO+H	-0.8267779144147946
R576: CH+NO=H+NCO	-0.8569880723026203
R499: HNO+O=OH+NO	1.2775682865679385
R558: N2O+O=NO+NO	2.2508601422092713
R572: CH+NO=O+HCN	-3.758489299220786
R501: HNO+OH=H2O+NO	6.257435851558983
R498: HNO+H=H2+NO	8.701806850248568
R497: N+NO=O+N2	11.51049088037293
R466: NH+O=H+NO	14.079089260472378
R455: N+O2=O+NO	19.31102772934347
R456: N+OH=H+NO	27.228847376766474
