Reactions	Percentage
R650: O2+C5H5N=C5H4N+HO2	-0.002163928648852884
R654: C5H5NO=O+C5H5N	0.00953979256612251
R652: O+C5H5N=C5H5NO	-0.9576863996261333
R651: O+C5H5N=C5H4N+OH	-11.498226515319391
R649: H+C5H5N=C5H4N+H2	-12.577512112055993
R648: C5H5N=C5H4N+H	-32.95280417972501
R655: OH+C5H5N=C5H4N+H2O	-42.001661671409444
