Reactions	Percentage
R646: NCN+O2=NO+NCO	-0.017066206738578442
R645: NCN+NO=N2O+CN	-0.0835524277298268
R644: CO+NCN=CN+NCO	0.11867910162836298
R640: NCN+OH=NH+NCO	-0.6921010925328087
R643: NCN+H=N+HNC	-2.1000938826531814
R642: NCN+OH=NO+HCN	-2.2985240806631277
R641: NCN+H=N+HCN	-22.019378321000698
R647: NCN+O=NO+CN	-35.08061420083086
R637: CH+N2=NCN+H	37.589990686222556
