Reactions	Percentage
R919: NCO+NH3=NH2+HNCO	-0.0017859848563598266
R776: NH2+HO2=O2+NH3	-0.1450351330610791
R784: NH3+H=H2+NH2	-0.775493069478255
R785: NH3+O=OH+NH2	-2.976532140632066
R783: NH3+OH=NH2+H2O	-96.10019503706802
