Reactions	Percentage
R810: H2NO+H=OH+NH2	-0.20460067176291422
R768: NH2+HO2=OH+H2NO	-0.4100456251228704
R781: NH2+O2=OH+HNO	-0.4418354686388256
R793: NH2+NO=H2O+N2	-2.1818938128156633
R770: NH2+O2=O+H2NO	-3.1986263459162876
R782: NH2+H=H2+NH	-4.020004101205214
R778: NH2+O=OH+NH	-5.75138410781908
R773: NH2+O=H+HNO	-7.034082818170615
R774: NH2+O=H+HNO	-16.946682683116272
R780: NH2+OH=H2O+NH	-59.80992335654628
