Reactions	Percentage
R955: HO2+C5H5N=C5H4N+H2O2	-0.0018143559833675277
R949: O2+C5H5N=C5H4N+HO2	-0.07560644233000866
R947: C5H5N=C5H4N+H	0.11846887241279846
R953: C5H5NO=O+C5H5N	0.22217018532026916
R948: H+C5H5N=C5H4N+H2	-0.2534390127218917
R951: O+C5H5N=C5H5NO	-9.229989002656596
R950: O+C5H5N=C5H4N+OH	-25.54347885039504
R954: OH+C5H5N=C5H4N+H2O	-64.55503327818003
