Reactions	Percentage
R500: HNO+N=NH+NO	0.0011331031795186524
R618: NCO+HNO=NO+HNCO	0.0018960748570719206
R537: NNH+NO=HNO+N2	-0.0020623242022534713
R507: HNO+NO=OH+N2O	0.0021360079486694265
R645: NCN+NO=N2O+CN	-0.002219794642741032
R579: C2H3+NO=CH2O+HCN	-0.0023959202557033224
R639: CH+N2O=NO+HCN	0.0025562398878493805
R506: HNO+NH=NO+NH2	0.0027674032347075363
R457: N+O(+M)=NO(+M)	0.004884521193801042
R606: H2CN+O2=NO+CH2O	0.018090797709246507
R545: NNH+O=NO+NH	0.024650773793864388
R495: NH2+NO=OH+NNH	-0.024985330040015144
R642: NCN+OH=NO+HCN	0.03985397213657746
R492: NH2+NO=H2O+N2	-0.043043776462498705
R622: NCO+OH=NO+CO+H	0.08347003972326823
R577: CH+NO=OH+CN	-0.0948120311997915
R621: NCO+NO=CO2+N2	-0.09617916658690238
R575: TXCH2+NO=OH+HCN	-0.10807186228876081
R573: CH3+NO=OH+H2CN	-0.11988889341083481
R580: CH3+NO=H2O+HCN	-0.12239794901087579
R493: NH+NO=OH+N2	-0.20010439136082897
R623: NCO+O2=CO2+NO	0.23307120116872465
R464: NH+O2=OH+NO	0.38523012532580553
R574: HCCO+NO=CO2+HCN	-0.4353463720085735
R503: HNO+O2=HO2+NO	0.48772999867090044
R558: N2O+O=NO+NO	0.5096285532942936
R496: NH+NO=H+N2O	-0.6152138303521522
R578: SXCH2+NO=OH+HCN	-0.6166530731887027
R585: CN+O2=CO+NO	0.9396952604009647
R647: NCN+O=NO+CN	0.9764337908352008
R576: CH+NO=H+NCO	-1.5517062784897584
R508: HNO=NO+H	-2.182358752014698
R499: HNO+O=OH+NO	2.1934137551449746
R501: HNO+OH=H2O+NO	4.717214009203239
R497: N+NO=O+N2	-5.258423253931871
R572: CH+NO=O+HCN	-6.807835997071889
R498: HNO+H=H2+NO	9.688888383833541
R455: N+O2=O+NO	9.905430437262021
R466: NH+O=H+NO	22.2568018226244
R456: N+OH=H+NO	29.240250787403017
