Reactions	Percentage
R940: NCN+H=N+HCN	0.008389868629931213
R826: N+NO2=O+N2O	0.011172040506861025
R759: NH+O=OH+N	0.0222261042873057
R886: CN+O=N+CO	0.05860438351203556
R757: NH+H=H2+N	0.145196823186871
R913: NCO(+M)=CO+N(+M)	0.15375498735936666
R764: NH+OH=H2O+N	0.35539633458670256
R796: N+NO=O+N2	99.2448198177631
