Reactions	Percentage
R919: NCO+NH3=NH2+HNCO	0.0017731065396622897
R890: HCN+OH=CO+NH2	0.02362955555735073
R794: NH2+NO=OH+NNH	0.050563382422080146
R791: NH2+NO=H2O+N2	0.08924273332511443
R776: NH2+HO2=O2+NH3	0.14398931883192775
R926: HNCO+H=CO+NH2	0.557151247008712
R784: NH3+H=H2+NH2	0.7699011713667328
R785: NH3+O=OH+NH2	2.955069067509718
R783: NH3+OH=NH2+H2O	95.40723913546822
